{"current_batch": 102, "total_batches": 10000, "start_time": 1768970554.478562, "elapsed_seconds": 351.79102897644043, "loss_history": [0.005062802578322589, -0.0011034883558750166, -0.0010685263998311753, 0.00024326854618265947, -0.01252529295161367, -0.006529395590769128, -0.03887375302535171, -0.015277185663580897, -0.016149464710179022, -0.05231428546831012, 0.00018560206517576755, -0.016646233893698084, -0.0033339065732434434, -0.0025133438175544143, -0.019537149695679545, -0.008277866570279006, -0.004880166998191271, -0.021946033567655836, -0.019729323504725477, -0.019536834442988038, 0.00876345788128674, -0.010650064679794014, -0.018551180333209533, -0.028895478299818936, -0.0050333187915384825, 0.01789371923077851, 0.00826612506061792, -0.007110880967229609, 0.00992899452685378, 0.008554732869379217, -0.01182841677218676, 0.034493757641757834, -0.009727997500158382, -0.012172636087052525, -0.020676360768266025, -0.01587264274130576, -0.013716869277413939, -0.026605360896792267, 0.008555490337312219, 0.019306388054974373, -0.02457339590182528, -0.010091252764686948, 0.006287911871913819, -0.017110651219263674, -0.020414983239606957, -0.040404762075437854, -0.014045589603483677, 0.011006555519998074, -0.013781607531321544, -0.008619595668278635, -0.013493013172410431, -0.019387613434810193, -0.034516978380270305, -0.005574296438135208, -0.02528256957884878, -0.020980796939693395, -0.016934320447035134, -0.010859973484184597, 0.12306560679959755, -0.01858760166214779, -0.0035562787554226857, -0.01442774152965285, 0.00658897400717251, -0.012196044414304198, -0.0073403040674747955, -0.021580739365890625, -0.004187302407808603, 0.012986443657428022, -0.013238442332173389, -0.009190250158280837, -0.008699999679811304, -0.008659934935470423, -0.011082370264921343, -0.012469674181193116, -0.017669873719569296, -0.004607353894971314, -0.012530003045685592, 0.0661273325405394, -0.011021432932466269, 0.005515349563211203, -0.017693239089567214, -0.018385213182773447, -0.009276449214667082, -0.005554193130228674, -0.005296802322845906, -0.013401309237815441, 0.01397798303514719, -0.0023906404152512564, -0.005758864409290257, -0.010546249564504256, -0.026594405295327306, -0.008762244100216782, -0.008068867237307133, -0.024995386577211322, -0.01706197913736105, 0.006956028542481361, 0.005603793496266003, -0.005018818518146874, -0.024499613093212247, -0.018867073813453317, -0.026789224540698348, -0.016038216184824705], "policy_loss_history": [-0.0007904992671683431, 0.00033916207030415535, 0.00041565654282749165, -0.0005708915996365249, 0.000555084552615881, -7.573238690383732e-05, -0.013152946931465218, -0.00042488519102334976, 0.00024177446539397351, -0.04741519084200263, -0.0007259203121066093, 0.0013182518596295267, 0.0002678668824955821, 0.0005553086521103978, -3.470713272690773e-05, 0.0010206315200775862, 0.0008181399534805678, 0.000763729854952544, 0.0001556494680698961, -0.0005431093741208315, -0.0013599491212517023, -0.0013909242503965895, -0.014502747954490284, -0.00030066806357353926, -8.456781506538391e-05, -3.436568658798933e-05, 0.00020155543461441994, 4.187226295471191e-06, 0.0009073676483239979, 2.4760491214692593e-05, -0.00013097585178911686, 0.00018753115728031844, 0.0005809812064399011, -0.0008878888329491019, -0.001061757211573422, -0.0002398390497546643, -0.0012957904837094247, -0.0010275544482283294, 6.134947761893272e-05, -7.471104618161917e-05, -0.00047277758130803704, 0.0010511002037674189, 0.00029259180882945657, 0.0007902237121015787, 0.00094126547628548, -0.019440375734120607, -0.002163343131542206, -1.4746095985174179e-05, 0.009200158839424452, -0.0006067793583497405, 0.0011114856461063027, 0.0039295798051171005, 0.0002547802869230509, -0.00020307733211666346, 0.0006215572357177734, 0.0013838770100846887, 0.0004457741742953658, 0.00043802527943626046, 0.13421932724304497, -0.0016867148806340992, -0.0005746208480559289, -0.00028637555078603327, -5.756414611823857e-05, -0.00039295980241149664, -0.0003662338276626542, -0.0021920716390013695, -0.00022546492982655764, -0.0008525797165930271, 0.002319010595480601, -0.0005009376145608258, -0.001329476130194962, 0.01366544064755241, -0.00024829182075336576, -0.0003848406486213207, 8.438486838713288e-05, -0.0004363631596788764, -0.0007471555145457387, 0.08071137906517833, -0.0015762490220367908, 0.0014423499815165997, 0.00040437671123072505, 0.0019027172238565981, -0.000280170701444149, 0.0008738389587961137, 0.0004910037969239056, -0.0017168544000014663, 0.0007032225839793682, -0.00012885220348834991, -0.0009744105627760291, -0.0004448169784154743, -0.0018219971098005772, 0.0023014607722871006, -0.0014226228231564164, -0.00022203056141734123, 0.0004109789151698351, 0.0020370892016217113, 0.0008547611068934202, 8.704117499291897e-05, 0.000485084718093276, -0.0020310129038989544, -0.0016925853415159509, -0.002295711077749729], "value_loss_history": [0.10789910890161991, 0.09165768977254629, 0.0886926194652915, 0.09475586377084255, 0.06812373548746109, 0.08078363072127104, 0.045403915302207075, 0.0583235714584589, 0.06112588522955775, 0.082288874934117, 0.09409391600638628, 0.059652126394212246, 0.08920524269342422, 0.0784157132729888, 0.05268567008897662, 0.0745771424844861, 0.08555042278021574, 0.0526629202067852, 0.05171423638239503, 0.05507843755185604, 0.11656732764095068, 0.07790150058766206, 0.08451701110849778, 0.04030806478112936, 0.08410107251256704, 0.12695962749421597, 0.10861095506697893, 0.0800996283069253, 0.11463633645325899, 0.1128924684599042, 0.06720869848504663, 0.16186829842627048, 0.07114101201295853, 0.06722692493349314, 0.05391605757176876, 0.06576867261901498, 0.06803902424871922, 0.04027224378660321, 0.10690723638981581, 0.13019511010497808, 0.041839957470074296, 0.07092228159308434, 0.10707595851272345, 0.051286655478179455, 0.053996514063328505, 0.048463820363394916, 0.0737751517444849, 0.11010182742029428, 0.052132982993498445, 0.07510523125529289, 0.06667963042855263, 0.04276964068412781, 0.026070907013490796, 0.07899913378059864, 0.04047476057894528, 0.0480345543473959, 0.059749494306743145, 0.07245337776839733, 0.06720125302672386, 0.06020062230527401, 0.08377166464924812, 0.06380833219736814, 0.10601859912276268, 0.06372644007205963, 0.07442174013704062, 0.05190033419057727, 0.08461845107376575, 0.12296217866241932, 0.05959700467064977, 0.07382426876574755, 0.07826576195657253, 0.04435693193227053, 0.0712179378606379, 0.06156683340668678, 0.0538661815226078, 0.08102718368172646, 0.07150786556303501, 0.058231972313175596, 0.07127257622778416, 0.10011085867881775, 0.055787837132811546, 0.04719717241823673, 0.06958984490483999, 0.07967290561646223, 0.07920088712126017, 0.06393535388633609, 0.11523770447820425, 0.08537962846457958, 0.08086364530026913, 0.07170030800625682, 0.038951820228248835, 0.06564978836104274, 0.07769411616027355, 0.03539670095779002, 0.05738293705508113, 0.09704165253788233, 0.10068090911954641, 0.08330502454191446, 0.03985854052007198, 0.05429484182968736, 0.039247503969818354, 0.062192789278924465],